"URL","Page Type","AI Readability Score","Tokens Used","Cost (USD)","Analyzed At","SEO Issues","Content Gaps","Content Assessment"
"https://mediwaste.co.uk/terms/","blog","6","1624","0.0002","2026-08-18T14:35:09.969Z","[medium] Meta description is too generic and does not include a call to action.: Revise the meta description to include a compelling call to action and specific keywords. | [high] Lack of keyword optimization for relevant search terms like 'clinical waste management' or 'waste disposal services'.: Incorporate relevant keywords naturally throughout the content.","Examples of waste types and handling procedures: Include specific examples of waste types and proper handling procedures. | FAQs about service terms: Add a FAQ section addressing common concerns related to terms of service.","clarity: The content is generally clear but uses legal jargon that may confuse some readers. | completeness: The content covers essential terms but lacks detailed examples or scenarios that could enhance understanding. | ai_friendliness: The content is moderately AI-friendly, but the use of complex legal terms may hinder AI comprehension. | structure_quality: The heading structure is logical and helps in navigation, but some sections could benefit from subheadings for better readability."
"https://mediwaste.co.uk/about/","blog","7","1707","0.0003","2026-08-18T14:34:40.333Z","[high] Meta description is incomplete: Complete the meta description to provide a full overview of the page content. | [medium] Lack of targeted keywords: Incorporate more long-tail keywords relevant to medical waste disposal. | [low] Image alt text is minimal: Enhance image alt text to describe images more thoroughly for better SEO.","Client Testimonials: Add a section for client testimonials or case studies to showcase successful partnerships. | FAQs about Clinical Waste Disposal: Include a FAQ section that answers common queries related to clinical waste disposal.","clarity: The content is generally clear but could benefit from more concise language in some sections. | completeness: The content covers the main aspects of the services offered but lacks depth in certain areas like client testimonials or case studies. | ai_friendliness: The content is moderately friendly to AI interpretation, but could use more structured data and keywords. | structure_quality: The heading structure is logical and aids navigation, but some sections could be more distinct to improve skimmability."
"https://mediwaste.co.uk/contact/","blog","7","1635","0.0002","2026-08-18T14:34:41.488Z","[medium] Meta description could be more engaging and keyword-rich.: Revise the meta description to include more relevant keywords and a stronger call to action. | [high] Lack of targeted keywords in the main content.: Incorporate more relevant keywords related to clinical waste disposal throughout the content.","Detailed service descriptions: Expand on each service offered with examples and benefits. | Customer testimonials: Include a section for customer reviews or case studies.","clarity: The content is generally clear and straightforward, effectively communicating the services offered. | completeness: The content covers essential information but lacks depth in certain areas, such as detailed explanations of services. | ai_friendliness: The content is mostly AI-friendly, but could include more keywords and phrases that align with user queries. | structure_quality: The heading structure is logical and aids navigation, but could benefit from more descriptive subheadings."
"https://mediwaste.co.uk/quote/","blog","7","1815","0.0003","2026-08-18T14:34:41.214Z","[medium] Lack of keyword diversity in headings: Incorporate variations of target keywords in headings to improve relevance. | [medium] Meta description could be more compelling: Enhance the meta description to include a call-to-action and unique selling points.","Case Studies: Include a section with brief case studies or success stories from existing clients. | Environmental Impact: Add information on how MediWaste contributes to environmental sustainability in waste disposal.","clarity: The content is mostly clear and straightforward, but could benefit from simpler language in some areas. | completeness: The content covers essential aspects of clinical waste disposal but lacks depth in certain areas, such as specific case studies or more detailed compliance information. | ai_friendliness: The content is generally AI-friendly, but could include more structured data and keywords for better optimization. | structure_quality: The heading structure is logical and helps in navigation; however, some sections could be more concise."
"https://mediwaste.co.uk/audit/","blog","7","1765","0.0003","2026-08-18T14:34:43.920Z","[medium] Meta description is slightly generic and could be more enticing.: Revise the meta description to include a call to action and highlight unique features. | [high] Lack of targeted keywords in headings.: Incorporate relevant keywords into headings to improve SEO. | [medium] Insufficient internal linking to related content.: Add internal links to related articles or services to improve site navigation and SEO.","Case studies or testimonials: Include case studies or testimonials from users who have benefited from the audit tool. | Visual aids or infographics: Add infographics that summarize the audit process or benefits.","clarity: The content is clear and straightforward, making it easy for users to understand the purpose and benefits of the audit tool. | completeness: The content covers the essential aspects of the audit tool, but could benefit from more detailed examples or case studies. | ai_friendliness: The content is generally AI-friendly, with relevant keywords and phrases, but could be enhanced with more varied sentence structures. | structure_quality: The heading structure is logical and aids navigation, but could be improved with additional subheadings for better scannability."
"https://mediwaste.co.uk/faq/","blog","7","1825","0.0003","2026-08-18T14:34:49.221Z","[high] Lack of keyword optimization for long-tail keywords: Incorporate relevant long-tail keywords related to clinical waste disposal throughout the content. | [medium] Missing alt text for images: Ensure all images have descriptive alt text that includes relevant keywords.","Case studies or testimonials: Include a section for case studies or client testimonials related to your services. | Detailed waste disposal processes: Expand on the waste treatment processes and facilities used.","clarity: The content is generally clear and straightforward, addressing common questions effectively. | completeness: The FAQ section covers a wide range of topics but could benefit from additional details on certain questions. | ai_friendliness: The content is well-structured for AI interpretation, but could include more keywords related to clinical waste disposal. | structure_quality: The heading structure is logical and easy to follow, aiding in navigation."
"https://mediwaste.co.uk/compliance/","blog","7","1787","0.0003","2026-08-18T14:34:50.663Z","[medium] Meta description is too short and lacks a call to action.: Expand the meta description to include a clear call to action and relevant keywords. | [high] Lack of keyword optimization for long-tail keywords.: Incorporate relevant long-tail keywords related to clinical waste compliance throughout the content.","Case Studies or Testimonials: Include case studies or testimonials from satisfied clients to enhance trust. | Visual Content: Add infographics or charts that summarize compliance processes and regulations.","clarity: The content is generally clear but could benefit from simpler language in some areas. | completeness: The content covers essential regulations and documentation but lacks depth in some FAQs. | ai_friendliness: The content is moderately AI-friendly, but could include more keywords and phrases relevant to user queries. | structure_quality: The heading structure is logical, but subheadings could be more descriptive."
"https://mediwaste.co.uk/waste-services/","blog","7","1802","0.0003","2026-08-18T14:34:51.019Z","[high] Meta description is too short and lacks compelling language.: Revise the meta description to include more engaging language and a call to action. | [medium] Lack of targeted keywords in headings.: Incorporate relevant keywords into H2 and H3 headings to improve SEO. | [medium] No schema markup for FAQs.: Implement FAQ schema markup to enhance search visibility.","Case studies or testimonials: Include case studies or testimonials from satisfied clients to build trust. | Environmental impact of services: Add a section discussing the environmental benefits of proper clinical waste disposal.","clarity: The content is mostly clear and concise, but some technical terms may confuse lay readers. | completeness: The content covers a wide range of clinical waste services but lacks detailed explanations for some services. | ai_friendliness: The content is generally AI-friendly, with clear sections and relevant keywords, but could use more context for AI interpretation. | structure_quality: The heading structure is logical and aids navigation, but could benefit from more descriptive subheadings."
"https://mediwaste.co.uk/waste-services/infectious-waste/","blog","7","1789","0.0003","2026-08-18T14:34:50.896Z","[medium] Meta description is too short and lacks a call to action.: Expand the meta description to include a compelling call to action and relevant keywords. | [medium] Lack of keyword diversity in headings and content.: Incorporate synonyms and related terms to improve keyword richness.","Case studies or testimonials: Include case studies or testimonials from satisfied clients to build trust. | Environmental impact of waste disposal: Add a section discussing the environmental impact and sustainability measures in waste disposal.","clarity: The content is generally clear and easy to understand, with straightforward language and definitions. | completeness: The content covers the essential aspects of infectious waste disposal but lacks depth in some areas. | ai_friendliness: The content is mostly AI-friendly, with clear keywords and structured data, but could use more varied phrasing to enhance semantic understanding. | structure_quality: The heading structure is logical and aids navigation, but some sections could benefit from additional subheadings for better organization."
"https://mediwaste.co.uk/waste-services/sharps-waste/","blog","7","1850","0.0003","2026-08-18T14:34:50.799Z","[medium] Meta description is slightly generic and could be more engaging.: Revise the meta description to include a call to action and specific benefits. | [high] Lack of targeted keywords related to sharps waste disposal.: Incorporate more long-tail keywords relevant to the audience's search intent.","Case studies or testimonials: Include case studies or testimonials from satisfied clients. | Environmental impact of improper sharps disposal: Add a section discussing the environmental risks of improper sharps disposal.","clarity: The content is generally clear, but some technical terms may confuse lay readers. | completeness: The content covers the main aspects of sharps waste disposal but lacks in-depth information on some related services. | ai_friendliness: The content is moderately AI-friendly, with clear sections and relevant keywords, but could use more varied sentence structures. | structure_quality: The heading structure is well-organized, allowing for easy navigation, but could benefit from more descriptive subheadings."
"https://mediwaste.co.uk/waste-services/pharmaceutical-waste/","blog","7","1831","0.0003","2026-08-18T14:34:56.956Z","[high] Meta description is too short and lacks keywords.: Expand the meta description to include more relevant keywords and a call to action. | [medium] Lack of keyword diversity in headings.: Incorporate variations of primary keywords in subheadings to improve relevance. | [medium] Missing alt text for images.: Ensure all images have descriptive alt text to enhance accessibility and SEO.","Case studies or testimonials: Include case studies or testimonials from satisfied clients. | Environmental impact of improper disposal: Add a section discussing the environmental impact of improper pharmaceutical waste disposal.","clarity: The content is mostly clear and straightforward, but some technical terms may confuse laypersons. | completeness: The content covers essential aspects of pharmaceutical waste disposal but lacks depth in certain areas. | ai_friendliness: The content is generally friendly to AI interpretation, with structured data and clear headings. | structure_quality: The heading structure is logical and helps in navigation, but some sections could benefit from more subheadings for clarity."
"https://mediwaste.co.uk/waste-services/cytotoxic-waste/","blog","7","1789","0.0003","2026-08-18T14:34:55.931Z","[medium] Meta description is slightly over-optimized with a call to action that may not be necessary.: Revise the meta description to focus more on informative content rather than a direct sales pitch. | [high] Lack of targeted keywords in the headings.: Incorporate relevant keywords in H2 and H3 headings to improve search visibility.","Case studies or testimonials: Include case studies or testimonials from clients who have used the cytotoxic waste disposal service. | Environmental impact statistics: Add statistics or data regarding the environmental impact of proper cytotoxic waste disposal.","clarity: The content is generally clear and informative, but some technical terms may be difficult for laypersons to understand. | completeness: The content covers the main aspects of cytotoxic waste disposal but could benefit from more detailed examples or case studies. | ai_friendliness: The content is well-structured for AI interpretation, but could include more keywords related to user queries. | structure_quality: The heading structure is logical and aids navigation, but the use of H3 tags could be improved for better hierarchy."
"https://mediwaste.co.uk/waste-services/dental-waste/","blog","7","1777","0.0003","2026-08-18T14:34:56.528Z","[medium] Meta description is too short and lacks a call to action.: Expand the meta description to include a clear call to action and relevant keywords. | [high] Lack of keyword optimization for long-tail keywords.: Incorporate long-tail keywords related to dental waste disposal throughout the content.","Case studies or testimonials: Include case studies or testimonials from satisfied clients to demonstrate effectiveness. | Environmental impact of improper disposal: Add a section discussing the environmental impact of improper dental waste disposal.","clarity: The content is clear and informative, targeting dental professionals effectively. | completeness: The content covers essential aspects of dental waste disposal but could benefit from more detailed examples or case studies. | ai_friendliness: The content is generally AI-friendly, with clear sections and relevant keywords, but could improve in keyword density. | structure_quality: The heading structure is well-organized, making it easy to navigate, but could use more descriptive subheadings."
"https://mediwaste.co.uk/waste-services/anatomical-waste/","blog","7","1769","0.0003","2026-08-18T14:34:57.199Z","[medium] Meta description is too short and lacks keywords.: Expand the meta description to include more relevant keywords and a call to action. | [high] Lack of keyword optimization for long-tail keywords.: Incorporate long-tail keywords related to anatomical waste disposal throughout the content.","Case studies or testimonials: Include case studies or testimonials from satisfied clients. | Environmental impact of disposal methods: Add a section discussing the environmental impact and benefits of high-temperature incineration.","clarity: The content is generally clear and straightforward, effectively communicating the services offered. | completeness: The content covers essential aspects of anatomical waste disposal but could benefit from more detailed explanations in certain areas. | ai_friendliness: The content is moderately AI-friendly, with clear language and relevant keywords, but could be enhanced with more varied sentence structures. | structure_quality: The heading structure is logical and aids in navigation, but some sections could be better defined with additional subheadings."
"https://mediwaste.co.uk/service-coverage/","blog","7","1951","0.0003","2026-08-18T14:34:57.646Z","[high] Meta description is incomplete and cut off.: Revise the meta description to ensure it fully conveys the services offered and includes a call to action. | [medium] Lack of targeted keywords in headings.: Incorporate relevant keywords into headings to improve search visibility.","Detailed waste disposal methods: Add sections detailing the disposal methods for different types of clinical waste. | Case studies or testimonials: Include case studies or testimonials from satisfied clients in various sectors.","clarity: The content is generally clear, but some sections could benefit from simpler language and more concise explanations. | completeness: The content covers a wide range of topics related to service coverage but lacks detailed information on specific waste types and disposal methods. | ai_friendliness: The content is moderately AI-friendly, but it could include more structured data and keywords relevant to clinical waste disposal. | structure_quality: The heading structure is logical and helps in navigation, but some headings could be more descriptive to enhance user understanding."
"https://mediwaste.co.uk/service-areas/london/","blog","7","1833","0.0003","2026-08-18T14:35:04.832Z","[high] Lack of keyword diversity: Incorporate more related keywords and phrases to capture a broader audience. | [medium] Meta description length: Ensure the meta description is within 150-160 characters for optimal display in search results. | [low] Image alt text optimization: Use more descriptive alt text for images to improve accessibility and SEO.","Case studies or testimonials: Include a section with case studies or testimonials from satisfied clients. | Detailed pricing information: Consider adding a pricing guide or more detailed information on costs.","clarity: The content is generally clear and straightforward, making it easy for users to understand the services offered. | completeness: The content covers a wide range of services and includes FAQs, but could benefit from more detailed explanations in some areas. | ai_friendliness: The content is mostly friendly to AI interpretation, but could include more structured data and semantic keywords for enhanced relevance. | structure_quality: The heading structure is well-organized, allowing for easy navigation, but could use more varied subheadings for better engagement."
"https://mediwaste.co.uk/service-areas/kent/","blog","7","1815","0.0003","2026-08-18T14:35:03.215Z","[medium] Lack of keyword diversity: Incorporate synonyms and related terms to enhance keyword richness. | [medium] Meta description could be more engaging: Revise the meta description to include a call-to-action and highlight unique selling points.","Detailed case studies or testimonials: Include case studies or testimonials from satisfied clients. | More information on environmental practices: Expand on specific environmental initiatives and their impact.","clarity: The content is clear and straightforward, effectively communicating the services offered. | completeness: The content covers a broad range of services and FAQs but lacks in-depth information on specific waste types. | ai_friendliness: The content is generally AI-friendly, with relevant keywords and structured data, but could use more varied vocabulary. | structure_quality: The heading structure is logical and helps in navigation, but some sections could benefit from more detailed subheadings."
"https://mediwaste.co.uk/service-areas/essex/","blog","7","1802","0.0003","2026-08-18T14:35:03.283Z","[medium] Lack of keyword variation: Incorporate synonyms and related terms for 'clinical waste disposal' to capture a broader audience. | [medium] Meta description length: Consider shortening the meta description to under 160 characters for better display in search results.","Case studies or testimonials: Include real-life examples or testimonials from satisfied clients to enhance trustworthiness. | Detailed pricing information: Provide a general pricing range or examples to give users a better understanding of costs.","clarity: The content is generally clear and concise, effectively communicating the services offered. | completeness: The content covers a wide range of topics related to clinical waste disposal but could benefit from more detailed explanations in some areas. | ai_friendliness: The content is mostly AI-friendly, with relevant keywords and phrases, but could include more structured data for enhanced AI interpretation. | structure_quality: The heading structure is well-organized, making it easy for users and search engines to navigate the content."
"https://mediwaste.co.uk/service-areas/surrey/","blog","7","1835","0.0003","2026-08-18T14:35:03.582Z","[medium] Lack of keyword variation in headings: Incorporate variations of target keywords in H2 and H3 headings to improve relevance. | [medium] Meta description could be more engaging: Enhance the meta description with a call to action and unique selling points to increase click-through rates.","Pricing details: Include a section that outlines typical pricing structures or factors that influence costs. | Customer testimonials or case studies: Add a section for customer testimonials or case studies to showcase successful partnerships.","clarity: The content is clear and easy to understand, with straightforward language and well-defined services. | completeness: The content covers the main services and compliance aspects but lacks in-depth information on pricing and specific case studies. | ai_friendliness: The content is generally friendly to AI interpretation, with relevant keywords and structured data present. | structure_quality: The heading structure is logical and aids navigation, but the use of H3 headings could be better integrated into the overall hierarchy."
"https://mediwaste.co.uk/service-areas/sussex/","blog","7","1810","0.0003","2026-08-18T14:35:03.717Z","[medium] Lack of keyword diversity: Incorporate synonyms and related terms to improve keyword coverage. | [medium] Meta description could be more engaging: Revise the meta description to include a call to action and highlight unique selling points.","Case studies or testimonials: Include case studies or testimonials from satisfied clients. | Detailed environmental impact information: Provide more detailed information on how waste is processed and its environmental benefits.","clarity: The content is clear and straightforward, effectively communicating the services offered. | completeness: The content covers the main services and FAQs but lacks in-depth explanations for some services. | ai_friendliness: The content is generally AI-friendly, with clear sections and relevant keywords, but could use more varied phrasing. | structure_quality: The heading structure is logical and aids in navigation, but some sections could benefit from more subheadings for better readability."
"https://mediwaste.co.uk/service-areas/hampshire/","blog","7","1835","0.0003","2026-08-18T14:35:11.041Z","[medium] Lack of keyword diversity: Incorporate related keywords and phrases to enhance relevance and capture a broader audience. | [medium] Meta description length: Consider shortening the meta description to fit within 150-160 characters for optimal display in search results.","Customer testimonials: Include a section for customer reviews or case studies highlighting successful waste disposal experiences. | Pricing transparency: Provide a general pricing guide or examples of costs for different waste types.","clarity: The content is mostly clear and straightforward, providing essential information about clinical waste disposal services. | completeness: The content covers a wide range of services and FAQs, but could benefit from additional details on pricing and case studies. | ai_friendliness: The content is generally AI-friendly, with clear keywords and structured data, but could improve in semantic richness. | structure_quality: The heading structure is well-organized, making it easy to navigate, but could use more varied subheadings for better engagement."
"https://mediwaste.co.uk/news/","blog","7","1978","0.0003","2026-08-18T14:35:10.978Z","[medium] Meta description is slightly generic and lacks a strong call to action.: Revise the meta description to include a more compelling call to action and specific benefits. | [high] Lack of keyword optimization in headings.: Incorporate relevant keywords into headings to improve search visibility. | [medium] Limited use of internal linking to related articles.: Increase internal linking to related articles to enhance user engagement and SEO.","Case Studies on Clinical Waste Management: Include case studies that highlight successful clinical waste management practices. | Emerging Technologies in Waste Management: Add articles focusing on new technologies and innovations in clinical waste management.","clarity: The content is generally clear and informative, but some sections could benefit from simplified language. | completeness: The content covers a wide range of topics related to clinical waste management but lacks depth in certain areas. | ai_friendliness: The content is moderately AI-friendly, with relevant keywords and structured data, but could enhance semantic richness. | structure_quality: The heading structure is well-organized, making it easy to navigate, but could be improved with more descriptive subheadings."
"https://mediwaste.co.uk/directory-listings/","blog","7","1756","0.0003","2026-08-18T14:35:11.965Z","[high] Meta description is not optimized for keywords: Revise the meta description to include more relevant keywords and a call-to-action. | [medium] Lack of keyword diversity: Incorporate related keywords and synonyms throughout the content to improve search visibility. | [low] Image alt text is generic: Use more descriptive alt text for images to improve SEO and accessibility.","Case studies or testimonials: Include case studies or testimonials from satisfied clients to enhance content. | Detailed service descriptions: Expand on each waste service with detailed descriptions and benefits.","clarity: The content is generally clear, but some sections could benefit from simpler language and shorter sentences. | completeness: The content covers the main aspects of the directory but lacks depth in some areas, such as detailed descriptions of services. | ai_friendliness: The content is fairly AI-friendly, but could include more keywords and phrases relevant to user queries. | structure_quality: The heading structure is logical and helps with navigation, but some headings could be more descriptive."
"https://mediwaste.co.uk/privacy/","blog","7","1565","0.0002","2026-08-18T14:35:10.732Z","[medium] Lack of external links: Include relevant external links to authoritative sources on GDPR and data protection. | [medium] Meta description could be more engaging: Revise the meta description to include a call to action or highlight unique aspects of the service.","Examples of data usage: Add specific examples of how personal data is used in service delivery. | User testimonials: Include testimonials or case studies related to data protection.","clarity: The content is clear and straightforward, effectively communicating the privacy policy details. | completeness: The policy covers essential aspects of data collection, usage, rights, and security, but could benefit from more examples or scenarios. | ai_friendliness: The content is generally friendly for AI interpretation, but could include more contextual keywords for better relevance. | structure_quality: The heading structure is logical and easy to navigate, enhancing user experience."
"https://mediwaste.co.uk/cookies/","blog","7","1698","0.0003","2026-08-18T14:35:18.443Z","[high] Lack of keyword optimization for 'cookie management' and 'cookie consent': Incorporate relevant keywords naturally throughout the content. | [medium] Meta description is not compelling enough to encourage clicks: Revise the meta description to include a call-to-action and highlight key benefits.","Detailed cookie management instructions: Include step-by-step instructions or links to detailed guides for popular browsers. | User privacy implications of cookies: Add a section explaining how cookies impact user privacy and what measures are in place to protect it.","clarity: The content is generally clear, but some technical jargon may confuse non-expert users. | completeness: The content covers essential aspects of cookie usage but lacks detailed examples or user scenarios. | ai_friendliness: The content is moderately AI-friendly, but could include more keywords and phrases commonly searched by users. | structure_quality: The heading structure is logical, but some sections could benefit from more subheadings for easier navigation."
"https://mediwaste.co.uk/c/hazardous-waste-collection-sussex/","blog","7","1956","0.0003","2026-08-18T14:35:17.786Z","[high] Lack of keyword diversity: Incorporate related keywords and phrases to enhance SEO and capture a broader audience. | [medium] Meta description is slightly generic: Make the meta description more compelling by including a unique selling proposition. | [low] Missing alt text for some images: Ensure all images have descriptive alt text to improve accessibility and SEO.","Case studies or testimonials: Include detailed case studies or more client testimonials highlighting successful waste management. | Environmental impact of services: Add a section discussing the environmental benefits of using MediWaste services.","clarity: The content is generally clear, but some sections could benefit from simpler language and shorter sentences. | completeness: The content covers a wide range of services but lacks detailed case studies or examples of successful waste management. | ai_friendliness: The content is relatively AI-friendly, but could be enhanced with more varied vocabulary and sentence structures. | structure_quality: The heading structure is mostly logical, but the use of multiple H2s without clear differentiation may confuse readers."
"https://mediwaste.co.uk/c/clinical-waste-management-sussex/","blog","7","1953","0.0003","2026-08-18T14:35:18.508Z","[high] Meta description is cut off and lacks a call to action.: Revise the meta description to be complete and include a compelling call to action. | [medium] Lack of targeted keywords in the content.: Incorporate more relevant keywords related to clinical waste management throughout the content. | [low] Image alt text is generic.: Use more descriptive alt text for images to improve SEO and accessibility.","Specific waste types and their handling: Add sections detailing the handling and disposal processes for each type of clinical waste. | Case studies or success stories: Include case studies or testimonials that highlight successful waste management solutions.","clarity: The content is generally clear and easy to understand, with straightforward language and explanations. | completeness: The content covers the essential aspects of clinical waste management but could benefit from more detailed information on specific waste types and disposal methods. | ai_friendliness: The content is moderately AI-friendly, with clear headings and structured information, but could include more keywords related to clinical waste management. | structure_quality: The heading structure is logical and helps in navigation, but some sections could be better organized for flow."
"https://mediwaste.co.uk/c/sharps-bin-exchange-banbury/","blog","7","1967","0.0003","2026-08-18T14:35:16.951Z","[medium] Meta description is slightly over-optimized with keywords.: Make the meta description more engaging and less keyword-stuffed. | [high] Lack of targeted long-tail keywords.: Incorporate long-tail keywords related to sharps disposal and local services.","Case Studies or Testimonials: Include detailed case studies or more in-depth testimonials from clients. | Environmental Impact: Add content discussing the environmental benefits of proper sharps disposal.","clarity: The content is generally clear, but some sections could benefit from simpler language. | completeness: The content covers most key aspects of the service but lacks detailed case studies or specific examples. | ai_friendliness: The content is moderately AI-friendly, but could include more keywords and phrases that align with user queries. | structure_quality: The heading structure is logical and aids navigation, but some headings could be more descriptive."
"https://mediwaste.co.uk/c/clinical-waste-collection-hertfordshire/","blog","7","1943","0.0003","2026-08-18T14:35:17.132Z","[medium] Lack of keyword diversity: Incorporate related keywords and synonyms throughout the content to improve search visibility. | [medium] Meta description length: Ensure the meta description is within 150-160 characters to avoid truncation in search results.","Case studies or examples: Include case studies or testimonials that highlight successful waste management solutions. | Environmental impact of clinical waste: Add a section discussing the environmental implications of clinical waste and the benefits of proper disposal.","clarity: The content is mostly clear, but some technical terms may confuse readers unfamiliar with clinical waste management. | completeness: The content covers a wide range of services offered but lacks detailed explanations for some waste types. | ai_friendliness: The content is generally AI-friendly, but could include more keywords and phrases that align with user intent. | structure_quality: The heading structure is logical and helps in navigation, but could benefit from more descriptive subheadings."
"https://mediwaste.co.uk/c/clinical-waste-management-lyndhurst/","blog","7","1960","0.0003","2026-08-18T14:35:24.645Z","[medium] Overuse of 'Lyndhurst' in headings and content: Reduce redundancy and use synonyms or related terms to improve keyword diversity. | [medium] Meta description is slightly over the ideal length: Shorten the meta description to under 160 characters for optimal display in search results.","Case Studies or Testimonials: Include detailed case studies or more in-depth testimonials from clients. | Environmental Impact of Services: Add a section discussing the environmental benefits of proper waste disposal.","clarity: The content is generally clear, but could benefit from simpler language in some sections to enhance understanding. | completeness: The content covers a wide range of services but lacks detailed examples or case studies that could enhance credibility. | ai_friendliness: The content is mostly AI-friendly, but could use more varied sentence structures and keywords for better optimization. | structure_quality: The heading structure is logical, but the use of multiple H2s without a clear hierarchy can be confusing."
"https://mediwaste.co.uk/c/clinical-waste-collection-surrey/","blog","7","1959","0.0003","2026-08-18T14:35:26.082Z","[high] Meta description is too short and lacks keywords.: Expand the meta description to include more relevant keywords and a clearer call to action. | [medium] Lack of keyword diversity in main content.: Incorporate related keywords and phrases to improve search visibility. | [low] Missing alt text for some images.: Ensure all images have descriptive alt text for better SEO.","Customer testimonials and case studies: Add detailed testimonials and case studies to showcase successful partnerships. | Environmental impact of clinical waste management: Include a section discussing the environmental benefits of proper waste disposal.","clarity: The content is generally clear and straightforward, but some sections could benefit from simpler language. | completeness: The content covers most key aspects of clinical waste collection but lacks depth in certain areas like customer testimonials and case studies. | ai_friendliness: The content is relatively AI-friendly, but incorporating more structured data and keywords could enhance its performance. | structure_quality: The heading structure is logical, but the use of H3 tags could be optimized for better hierarchy and emphasis."
"https://mediwaste.co.uk/c/same-day-clinical-waste-collection-maidstone/","blog","7","2027","0.0003","2026-08-18T14:35:24.214Z","[high] Lack of keyword diversity and synonyms: Incorporate related keywords and phrases to enhance semantic relevance. | [medium] Meta description could be more compelling: Revise the meta description to include a call-to-action and unique selling points. | [medium] Internal linking strategy needs improvement: Ensure internal links are contextually relevant and enhance user navigation.","Case studies or testimonials: Include detailed case studies or more extensive testimonials from satisfied clients. | Environmental impact of waste disposal: Add a section discussing the environmental benefits of proper clinical waste disposal.","clarity: The content is generally clear and easy to understand, with straightforward language and a logical flow. | completeness: The content covers the main services offered but could benefit from additional details on specific waste types and case studies. | ai_friendliness: The content is well-optimized for AI interpretation, with relevant keywords and structured data present. | structure_quality: The heading structure is mostly effective, but the use of multiple H2s without clear differentiation may confuse readers."
"https://mediwaste.co.uk/c/clinical-waste-disposal-st-albans/","blog","7","2008","0.0003","2026-08-18T14:35:23.853Z","[high] Overuse of the primary keyword in the title and headings: Use variations of the primary keyword and related terms to avoid keyword stuffing. | [medium] Lack of unique content in FAQ section: Provide more detailed and unique answers to FAQs to enhance user engagement. | [medium] Missing structured data for FAQs: Implement FAQ schema markup to improve visibility in search results.","Environmental impact of clinical waste disposal: Include a section discussing the environmental impact and how MediWaste mitigates it. | Case studies or success stories: Add case studies showcasing successful waste management for specific clients.","clarity: The content is mostly clear, but some sections could benefit from simpler language and shorter sentences. | completeness: The content covers a wide range of services but lacks in-depth explanations for some key services. | ai_friendliness: The content is generally AI-friendly, but could improve with more keyword variation and semantic relevance. | structure_quality: The heading structure is logical, but the use of multiple H2s without clear differentiation can confuse readers."
"https://mediwaste.co.uk/c/pharmaceutical-waste-disposal-surrey/","blog","7","1976","0.0003","2026-08-18T14:35:24.759Z","[high] Meta description is not optimized for keyword variations: Include variations of 'pharmaceutical waste disposal' to capture a wider audience. | [medium] Lack of keyword diversity in headings: Incorporate related keywords in headings to improve relevance. | [low] Missing alt text for some images: Ensure all images have descriptive alt text for better SEO.","Specific regulations and compliance details: Add a section detailing specific regulations and how MediWaste complies with them. | Case studies or testimonials: Include case studies or more detailed testimonials from clients.","clarity: The content is generally clear, but could benefit from simpler language in some areas to enhance understanding. | completeness: The content covers essential topics related to pharmaceutical waste disposal but lacks depth in certain areas such as specific regulations and case studies. | ai_friendliness: The content is moderately AI-friendly, with clear sections and relevant keywords, but could use more structured data and semantic markup. | structure_quality: The heading structure is logical and helps in navigation, but some headings could be optimized for better keyword targeting."
"https://mediwaste.co.uk/c/cqc-clinical-waste-compliance-london/","blog","7","1982","0.0003","2026-08-18T14:35:31.851Z","[high] Lack of keyword variation and long-tail keywords: Incorporate more variations of target keywords and long-tail phrases related to clinical waste compliance. | [medium] Meta description could be more engaging: Revise the meta description to include a call-to-action and highlight unique selling points. | [medium] Internal linking strategy could be improved: Ensure internal links are contextually relevant and guide users to related content.","Detailed case studies or testimonials: Include case studies or detailed testimonials from clients to showcase successful partnerships. | Environmental impact of clinical waste management: Add a section discussing the environmental benefits of proper clinical waste disposal.","clarity: The content is generally clear but could benefit from simpler language in some sections. | completeness: The content covers key aspects of clinical waste compliance but lacks depth in certain service descriptions. | ai_friendliness: The content is mostly AI-friendly, but could include more structured data elements and keywords for better optimization. | structure_quality: The heading structure is logical, but the use of multiple H2s without clear differentiation could confuse readers."
"https://mediwaste.co.uk/c/clinical-waste-collection-near-me-london/","blog","7","1977","0.0003","2026-08-18T14:35:31.751Z","[high] Lack of keyword variation in headings and content: Incorporate synonyms and related keywords to improve search visibility. | [medium] Meta description is slightly generic: Make the meta description more compelling by including a unique selling proposition. | [medium] Insufficient internal linking strategy: Link to related content within the site to enhance navigation and SEO.","Case studies or client success stories: Include a section with brief case studies or testimonials highlighting successful partnerships. | Detailed pricing information: Provide a pricing guide or range for services offered.","clarity: The content is generally clear, but some sections could benefit from simpler language and shorter sentences. | completeness: The content covers a wide range of services and compliance information, but lacks detailed examples or case studies. | ai_friendliness: The content is mostly AI-friendly but could use more keywords and phrases that align with common search queries. | structure_quality: The heading structure is logical, but some headings could be more descriptive to enhance skimmability."
"https://mediwaste.co.uk/c/sharps-bin-collection-london/","blog","7","2030","0.0003","2026-08-18T14:35:31.548Z","[high] Lack of keyword diversity and usage: Incorporate more related keywords and phrases to enhance search visibility. | [medium] Meta description is slightly generic: Make the meta description more engaging and unique to improve click-through rates. | [medium] Insufficient internal linking strategy: Increase internal links to related services or articles to enhance site navigation and SEO.","Case studies or success stories: Include case studies showcasing successful partnerships or outcomes. | Environmental impact of sharps disposal: Add a section discussing the environmental benefits of proper sharps disposal.","clarity: The content is generally clear and straightforward, effectively communicating the services offered. | completeness: The content covers most aspects of the service but could benefit from more detailed explanations in some areas. | ai_friendliness: The content is moderately AI-friendly, but could include more keywords and structured data for better optimization. | structure_quality: The heading structure is logical, but the use of multiple H2s without clear differentiation could be improved."
"https://mediwaste.co.uk/c/pharmaceutical-waste-disposal-london/","blog","7","1945","0.0003","2026-08-18T14:35:30.863Z","[medium] Meta description is slightly generic and could be more engaging.: Revise the meta description to include a call to action and more specific benefits. | [high] Lack of keyword variation in headings and content.: Incorporate relevant keywords and phrases related to pharmaceutical waste disposal throughout the content. | [medium] Internal link distribution is uneven, with some pages potentially underlinked.: Review internal linking strategy to ensure all relevant pages are adequately linked.","Case Studies or Examples: Include case studies or testimonials that highlight successful waste disposal scenarios. | Environmental Impact: Add a section discussing the environmental impact of pharmaceutical waste and the benefits of proper disposal.","clarity: The content is mostly clear but could benefit from simpler language in some sections. | completeness: The content covers essential services but lacks detailed explanations on some aspects. | ai_friendliness: The content is fairly AI-friendly but could use more keywords and structured data for better optimization. | structure_quality: The heading structure is logical but could be improved with more descriptive subheadings."
"https://mediwaste.co.uk/c/clinical-waste-collection-london/","blog","7","1949","0.0003","2026-08-18T14:35:33.537Z","[medium] Overuse of keywords in headings and meta description: Diversify keyword usage and ensure natural language flow in headings and meta description. | [high] Lack of targeted long-tail keywords: Incorporate long-tail keywords related to specific services and geographic areas to improve search visibility.","Case studies or testimonials: Include detailed case studies or testimonials from a wider range of clients. | Environmental impact of clinical waste disposal: Add a section discussing the environmental impact and sustainability practices of MediWaste.","clarity: The content is generally clear and straightforward, but some sections could benefit from simplified language to enhance understanding. | completeness: The content covers essential aspects of clinical waste collection but lacks depth in certain areas, such as specific case studies or statistics. | ai_friendliness: The content is moderately AI-friendly, with relevant keywords and phrases, but could be optimized further for better context understanding. | structure_quality: The heading structure is logical and hierarchical, making it easy to navigate. However, the use of multiple H2 tags without clear differentiation could be improved."
"https://mediwaste.co.uk/c/medical-waste-collection-london/","blog","7","1959","0.0003","2026-08-18T14:35:39.754Z","[high] Overuse of 'medical waste collection London' without variation: Incorporate synonyms and related keywords to improve semantic relevance. | [medium] Meta description could be more engaging: Revise the meta description to include a call-to-action and highlight unique selling points. | [medium] Lack of alt text for images: Ensure all images have descriptive alt text that includes relevant keywords.","Case studies or testimonials: Include case studies or detailed testimonials from clients. | Environmental impact of medical waste disposal: Add a section discussing the environmental benefits of proper waste disposal.","clarity: The content is generally clear and easy to understand, but some sections could benefit from simpler language and shorter sentences. | completeness: The content covers a wide range of services and compliance aspects but lacks detailed case studies or examples of successful waste management. | ai_friendliness: The content is moderately AI-friendly, but it could be improved with more structured data and keyword optimization. | structure_quality: The heading structure is mostly logical, but the use of multiple H2s without a clear hierarchy can confuse readers and search engines."
"https://mediwaste.co.uk/c/clinical-waste-disposal-london/","blog","7","1931","0.0003","2026-08-18T14:35:44.711Z","[medium] Meta description is slightly too long and could be more engaging.: Shorten the meta description to under 160 characters and make it more compelling. | [high] Lack of targeted keywords in headings.: Incorporate relevant keywords into H2 and H3 headings for better SEO.","Case studies or testimonials: Include detailed case studies or testimonials from satisfied clients. | Environmental impact of clinical waste disposal: Add a section discussing the environmental impact and sustainability practices.","clarity: The content is mostly clear, but some sections could benefit from simpler language and shorter sentences. | completeness: The content covers a wide range of clinical waste types and services, but lacks depth in certain areas such as specific case studies or examples. | ai_friendliness: The content is generally AI-friendly, but could be enhanced with more structured data and keyword optimization. | structure_quality: The heading structure is logical and well-organized, making it easy to navigate the content."
"https://mediwaste.co.uk/c/hazardous-waste-collection-london/","blog","7","1939","0.0003","2026-08-18T14:35:39.292Z","[medium] Meta description is slightly over-optimized and lacks a call to action.: Revise the meta description to include a more engaging call to action and ensure it is within the optimal character limit. | [high] Lack of targeted keywords in headings.: Incorporate relevant keywords into subheadings to improve SEO and relevance.","Case studies or success stories: Include case studies or testimonials from satisfied clients to provide social proof. | Environmental impact of hazardous waste disposal: Add a section discussing the environmental impact and benefits of proper hazardous waste disposal.","clarity: The content is generally clear and straightforward, but some technical terms may not be easily understood by all readers. | completeness: The content covers a wide range of services and processes, but could benefit from more detailed explanations of specific waste types and disposal methods. | ai_friendliness: The content is moderately AI-friendly, but could be enhanced with more varied sentence structures and keyword optimization. | structure_quality: The heading structure is well-organized, making it easy to navigate, but the use of subheadings could be improved for better readability."
"https://mediwaste.co.uk/c/sharps-disposal-london/","blog","7","2019","0.0003","2026-08-18T14:35:39.031Z","[medium] Meta description is slightly over-optimized with keywords.: Revise the meta description to be more engaging and less keyword-stuffed. | [high] Lack of keyword diversity in headings.: Incorporate related keywords and phrases into headings to improve relevance. | [medium] Insufficient internal linking to related content.: Add internal links to other relevant pages on the site to enhance SEO.","Case Studies or Testimonials: Include detailed case studies or more testimonials from clients. | Environmental Impact of Sharps Disposal: Add a section discussing the environmental benefits of proper sharps disposal.","clarity: The content is generally clear and straightforward, but could benefit from simpler language in some areas. | completeness: The content covers a wide range of services but lacks detailed examples or case studies that could enhance understanding. | ai_friendliness: The content is fairly AI-friendly, but could include more keywords and phrases that align with user search intent. | structure_quality: The heading structure is logical and helps in navigation, but could be improved with more descriptive subheadings."
"https://mediwaste.co.uk/c/clinical-waste-management-kent/","blog","7","1989","0.0003","2026-08-18T14:35:53.893Z","[high] Overuse of the keyword 'clinical waste management Kent': Diversify keyword usage and include synonyms or related terms to avoid keyword stuffing. | [medium] Meta description is slightly too long: Shorten the meta description to under 160 characters for better display in search results. | [medium] Lack of targeted long-tail keywords: Incorporate long-tail keywords related to specific services and local areas to improve search visibility.","Case Studies: Include case studies or detailed examples of successful waste management implementations. | Environmental Impact: Add a section discussing the environmental benefits of proper clinical waste management.","clarity: The content is mostly clear and straightforward, with a focus on services and client testimonials. | completeness: The content covers a wide range of services and includes client testimonials, but lacks detailed case studies or specific examples. | ai_friendliness: The content is generally AI-friendly, with clear headings and structured information, but could benefit from more varied sentence structures. | structure_quality: The heading structure is logical and hierarchical, making it easy to navigate."
"https://mediwaste.co.uk/c/clinical-waste-management-london/","blog","7","1892","0.0003","2026-08-18T14:35:39.602Z","[high] Lack of keyword optimization for long-tail keywords: Incorporate relevant long-tail keywords related to clinical waste management. | [medium] Meta description could be more compelling: Revise the meta description to include a call-to-action and unique selling points.","Case studies or success stories: Include specific case studies showcasing successful waste management solutions. | Environmental impact of clinical waste management: Add a section discussing the environmental benefits of proper clinical waste management.","clarity: The content is generally clear but could benefit from simpler language in some sections. | completeness: The content covers a wide range of services but lacks detailed explanations for each service type. | ai_friendliness: The content is moderately AI-friendly, but could include more structured data and keywords. | structure_quality: The heading structure is logical, but some sections could be better organized for easier navigation."
"https://mediwaste.co.uk/c/clinical-waste-management-surrey/","blog","7","1963","0.0003","2026-08-18T14:35:51.408Z","[high] Meta description is cut off and lacks a call to action: Revise the meta description to include a complete call to action and ensure it is within the character limit. | [medium] Lack of keyword optimization for long-tail keywords: Incorporate long-tail keywords related to clinical waste management in Surrey throughout the content. | [medium] Internal linking strategy could be improved: Add contextual internal links to relevant pages within the website to enhance navigation and SEO.","Case studies or testimonials: Include specific case studies or detailed testimonials from satisfied clients. | Environmental impact of clinical waste management: Add a section discussing the environmental benefits of proper clinical waste management.","clarity: The content is generally clear but could benefit from simpler language in some sections to enhance understanding. | completeness: The content covers a wide range of services but lacks detailed case studies or examples of successful waste management. | ai_friendliness: The content is moderately AI-friendly, but could include more keywords and phrases that align with common search queries. | structure_quality: The heading structure is logical, but the use of multiple H2s without clear differentiation could confuse readers."
"https://mediwaste.co.uk/c/clinical-waste-removal-kent/","blog","7","1991","0.0003","2026-08-18T14:35:53.045Z","[medium] Meta description is slightly over-optimized and lacks a call to action.: Revise the meta description to include a more compelling call to action. | [high] Lack of targeted keywords in headings.: Incorporate relevant keywords into headings to improve SEO. | [low] Image alt text is not fully descriptive.: Enhance image alt text to provide more context and include keywords.","Case Studies or Testimonials: Include detailed case studies or testimonials from various healthcare sectors. | Environmental Impact: Add a section discussing the environmental impact of clinical waste disposal and MediWaste's initiatives.","clarity: The content is mostly clear, but some sections could benefit from simpler language and shorter sentences. | completeness: The content covers a wide range of topics related to clinical waste removal, but lacks depth in some areas such as specific case studies or detailed service descriptions. | ai_friendliness: The content is generally AI-friendly, but could be improved with more structured data and keyword optimization. | structure_quality: The heading structure is logical, but the use of multiple H2s and H3s could be optimized for better flow and hierarchy."
"https://mediwaste.co.uk/c/sharps-disposal-kent/","blog","7","2049","0.0003","2026-08-18T14:35:51.150Z","[medium] Overuse of 'sharps disposal' keyword: Diversify keyword usage to include synonyms and related terms to avoid keyword stuffing. | [high] Missing alt text for all images: Ensure all images have descriptive alt text to improve accessibility and SEO. | [medium] Lack of external backlinks: Increase the number of high-quality external links to authoritative sources to boost credibility.","Client Case Studies: Include detailed case studies or success stories from existing clients. | Environmental Impact of Sharps Disposal: Add a section discussing the environmental implications of improper sharps disposal.","clarity: The content is generally clear, with straightforward language and explanations regarding services. | completeness: The content covers a wide range of services but lacks depth in some areas like specific case studies or detailed client testimonials. | ai_friendliness: The content is moderately AI-friendly, but could benefit from more varied sentence structures and keyword optimization. | structure_quality: The heading structure is logical and aids navigation, but the use of H3 headings could be improved for better hierarchy."
"https://mediwaste.co.uk/","homepage","7","1853","0.0003","2026-08-18T14:34:39.142Z","[medium] Meta description is slightly generic and could be more engaging.: Revise the meta description to include a call to action and highlight unique selling points. | [high] Lack of targeted keywords in headings and body text.: Incorporate relevant keywords naturally throughout the content to improve search visibility.","Pricing Transparency: Include a section that outlines typical pricing ranges or factors that influence costs. | Case Studies or Examples: Add case studies or examples of successful waste management solutions provided.","clarity: The content is generally clear, but some technical terms may not be easily understood by all users. | completeness: The content covers the main services and processes but lacks depth in certain areas like pricing structure and specific case studies. | ai_friendliness: The content is moderately AI-friendly, but could be improved with more varied sentence structures and keyword optimization. | structure_quality: The heading structure is logical and helps in navigation, but could benefit from more descriptive subheadings."
"https://mediwaste.co.uk/c/hazardous-waste-collection-kent/","blog","7","1979","0.0003","2026-08-18T14:35:50.614Z","[medium] Title and Meta Description Length: Ensure the title and meta description are within optimal length limits (60 characters for title, 160 characters for meta description) to improve click-through rates. | [high] Keyword Optimization: Incorporate more relevant keywords related to hazardous waste collection in Kent throughout the content to improve search visibility. | [low] Image Alt Text: Add more descriptive alt text for images to improve accessibility and SEO.","Pricing Information: Include a section that outlines typical pricing structures or factors that influence costs. | Case Studies or Testimonials: Add detailed case studies or more extensive testimonials from satisfied clients.","clarity: The content is generally clear, but some sections could benefit from simpler language and shorter sentences. | completeness: The content covers a wide range of topics related to hazardous waste collection but lacks depth in certain areas such as pricing and specific case studies. | ai_friendliness: The content is moderately friendly for AI interpretation, but could use more keywords and structured data to enhance relevance. | structure_quality: The heading structure is logical, but the use of multiple H2s without clear differentiation can be improved for better hierarchy."